,precision,recall,f1-score,support
Class_1&2,0.7857142857142857,0.9166666666666666,0.8461538461538461,120.0
Class_3,0.56,0.417910447761194,0.47863247863247865,67.0
Class_4,0.7261904761904762,0.6703296703296703,0.6971428571428572,91.0
Class_5,0.6463414634146342,0.7162162162162162,0.6794871794871795,74.0
Class_6,0.8275862068965517,0.7741935483870968,0.8,62.0
accuracy,0.7246376811594203,0.7246376811594203,0.7246376811594203,0.7246376811594203
macro avg,0.7091664864431896,0.6990633098721688,0.7002832722832724,414.0
weighted avg,0.7174605331867555,0.7246376811594203,0.7172195383789587,414.0
